{
  "name": "typeahead",
  "version": "2.10.4",
  "title": "jQuery Typeahead",
  "description": "jQuery plugin that provides Typeahead (autocomplete) Search preview from Json object(s) via same domain Ajax request or cross domain Jsonp and offers data compression inside Local Storage. The plugin is built with a lot of options and callbacks to allow customization.",
  "keywords": [
    "search",
    "typeahead",
    "ajax",
    "json",
    "jsonp",
    "input",
    "autocomplete"
  ],
  "author": {
    "name": "Tom Bertrand",
    "url": "http://www.runningcoder.org/jquerytypeahead/"
  },
  "licenses": [
    {
      "type": "MIT",
      "url": "https://github.com/running-coder/jquery-typeahead/blob/master/LICENSE"
    }
  ],
  "bugs": "https://github.com/running-coder/jquery-typeahead/issues",
  "homepage": "http://www.runningcoder.org/jquerytypeahead/",
  "docs": "http://www.runningcoder.org/jquerytypeahead/documentation/",
  "demo": "http://www.runningcoder.org/jquerytypeahead/demo/",
  "dependencies": {
    "jquery": ">=1.7.2"
  }
}
